ID,Name,Age,City,Salary,Join_Date
1,Ishaan,30,Vadodara,34658,2024-02-09
2,Riya,27,Bangalore,32151,2025-05-05
3,Riya,54,Ahmedabad,28361,2025-09-25
4,Ishaan,42,Jaipur,42643,2025-02-28
5,Ishaan,25,Surat,67838,2024-11-29
6,Meera,21,Pune,111621,2025-03-07
7,Vivaan,21,Jaipur,34400,2025-03-01
8,Diya,49,Surat,62279,2025-05-15
9,Meera,51,Bangalore,54490,2025-09-27
10,Aditya,52,Jaipur,51305,2024-11-27
11,Ananya,21,Bangalore,46912,2025-03-03
12,Ananya,26,Mumbai,105813,2024-07-10
13,Sara,41,Bangalore,48657,2024-05-12
14,Vivaan,53,Jaipur,59372,2024-09-09
15,Meera,55,Jaipur,80950,2024-09-10
16,Aditya,33,Surat,75171,2025-07-18
17,Ishaan,20,Ahmedabad,34042,2024-06-29
18,Sara,51,Jaipur,33077,2024-11-29
19,Ananya,48,Ahmedabad,99768,2024-07-06
20,Aarav,27,Mumbai,72320,2024-03-06
21,Diya,56,Pune,68132,2025-07-15
22,Riya,36,Vadodara,27370,2025-08-28
23,Riya,47,Vadodara,119867,2025-01-23
24,Meera,39,Vadodara,42360,2025-10-03
25,Riya,60,Ahmedabad,79346,2025-03-19
26,Ishaan,37,Pune,42576,2025-09-04
27,Ananya,54,Jaipur,39595,2024-05-20
28,Riya,49,Ahmedabad,91021,2025-08-07
29,Vivaan,28,Ahmedabad,107158,2025-10-11
30,Vivaan,49,Vadodara,65960,2025-05-23
31,Diya,37,Jaipur,117369,2024-12-27
32,Ananya,58,Ahmedabad,47537,2025-06-04
33,Sara,42,Pune,104522,2025-06-06
34,Aditya,42,Bangalore,106896,2024-05-01
35,Aditya,50,Pune,111168,2025-05-27
36,Meera,56,Delhi,40067,2025-01-28
37,Kabir,34,Pune,57352,2025-01-24
38,Ananya,22,Jaipur,104149,2024-06-13
39,Kabir,35,Bangalore,109445,2025-03-08
40,Ishaan,22,Surat,108367,2025-04-18
41,Sara,54,Surat,70953,2025-06-12
42,Ananya,42,Delhi,40430,2024-12-23
43,Meera,24,Vadodara,36040,2024-09-01
44,Diya,23,Jaipur,90069,2025-06-26
45,Diya,52,Ahmedabad,65684,2025-02-17
46,Ishaan,54,Mumbai,38066,2025-05-30
47,Aditya,19,Delhi,81782,2024-10-21
48,Aditya,24,Delhi,27291,2024-05-05
49,Ishaan,57,Pune,72114,2024-05-07
50,Meera,18,Vadodara,71082,2025-05-29
51,Aarav,41,Delhi,35105,2024-01-04
52,Riya,42,Pune,42530,2025-01-21
53,Aarav,33,Jaipur,60858,2024-12-28
54,Kabir,42,Mumbai,33880,2024-07-01
55,Ishaan,48,Bangalore,96566,2025-06-15
56,Ishaan,55,Vadodara,109084,2024-11-10
57,Ananya,35,Pune,27019,2025-06-06
58,Ananya,38,Ahmedabad,82646,2024-08-04
59,Aditya,53,Vadodara,107993,2025-08-09
60,Riya,37,Bangalore,101592,2024-08-07
61,Ishaan,60,Mumbai,75736,2024-12-10
62,Ishaan,22,Pune,108141,2025-06-30
63,Aarav,28,Vadodara,51039,2025-03-08
64,Ananya,20,Pune,86710,2024-08-10
65,Riya,18,Surat,63361,2025-10-05
66,Kabir,31,Bangalore,73152,2025-01-30
67,Riya,54,Mumbai,33363,2025-03-14
68,Aarav,37,Vadodara,85205,2024-09-25
69,Ananya,46,Bangalore,55218,2024-06-05
70,Vivaan,43,Pune,56087,2025-08-07
71,Kabir,26,Pune,77002,2025-04-25
72,Meera,20,Vadodara,84428,2025-05-07
73,Vivaan,49,Surat,105555,2024-08-05
74,Vivaan,60,Jaipur,98001,2025-04-30
75,Meera,26,Bangalore,34653,2024-02-02
76,Aditya,45,Delhi,86219,2024-04-02
77,Riya,25,Vadodara,83480,2025-11-28
78,Meera,58,Bangalore,85367,2024-04-11
79,Ishaan,58,Surat,97281,2024-11-14
80,Meera,55,Bangalore,72922,2025-05-26
81,Diya,28,Mumbai,97192,2024-04-16
82,Riya,42,Ahmedabad,45987,2025-07-27
83,Meera,39,Surat,42649,2025-09-18
84,Aditya,40,Delhi,83329,2025-07-10
85,Diya,59,Bangalore,112736,2025-05-30
86,Aarav,50,Vadodara,44255,2025-04-02
87,Aarav,49,Ahmedabad,106486,2024-03-10
88,Ananya,25,Delhi,65866,2025-04-04
89,Vivaan,20,Surat,118996,2024-12-14
90,Sara,19,Surat,78267,2024-07-03
91,Kabir,26,Delhi,45325,2024-02-14
92,Ishaan,31,Pune,115751,2024-05-06
93,Aarav,54,Delhi,40278,2024-01-28
94,Ananya,59,Delhi,31153,2025-02-17
95,Sara,19,Pune,73957,2025-01-19
96,Ananya,45,Pune,56170,2024-12-04
97,Aditya,42,Ahmedabad,37434,2024-10-30
98,Aditya,24,Mumbai,85554,2025-11-15
99,Aditya,58,Delhi,117283,2025-06-20
100,Sara,59,Jaipur,31766,2025-01-22
